feature,mean_importance
V1,1.2966327180025105e-05
V11,3.957240764579373e-05
V17,6.996305065259112e-05
V3,8.421027955870797e-05
V4,8.551069910322229e-05
V7,9.053180036118769e-05
V18,0.00011536185672234855
V16,0.00014019408623858475
V12,0.00014701026505109792
Amount,0.00014783590693284165
V10,0.0008545653068313064
V14,0.0010953967595763558
